awards_count,dblp_records,name,years
0,0,Jeff Bezos,
0,60,Atta ur Rehman Khan,"[[2024, 2024], [2012, 2023]]"
0,30,Abhay Bhushan,"[[1973, 1973], [1968, 1972]]"
14,0,Gordon Bell,
0,71,Peter Bernus,"[[2023, 2023], [1990, 1993], [1995, 1998], [2000, 2000], [2002, 2003], [2005, 2006], [2008, 2022]]"
2,0,Jean Bartik,
0,0,Anthony James Barr,
0,198,Daniel J. Bernstein,"[[2024, 2024], [1990, 1990], [1996, 1996], [1998, 1999], [2001, 2001], [2004, 2023]]"
11,0,David Bader,
5,74,Tim Berners-Lee,"[[2023, 2023], [1988, 1988], [1992, 1992], [1994, 2000], [2005, 2019]]"
0,1,Cecilia Berdichevsky,"[[2006, 2006]]"
0,167,Steven M. Bellovin,"[[2023, 2023], [1986, 1986], [1989, 2022]]"
0,0,Arif Zaman,
2,85,Rudolf Bayer,"[[2008, 2008], [1966, 1967], [1970, 1980], [1982, 1987], [1989, 2003], [2005, 2005], [2007, 2007]]"
3,182,Friedrich L. Bauer,"[[2012, 2012], [1958, 1964], [1966, 1966], [1970, 1972], [1975, 1976], [1978, 1994], [1996, 2011]]"
2,107,Andrew Barto,"[[2021, 2021], [1978, 1978], [1983, 1983], [1985, 1985], [1989, 2015], [2017, 2017], [2019, 2019]]"
0,0,Nobuo Yoneda,
0,127,Victor Bahl,"[[2023, 2023], [1988, 1989], [1995, 1995], [1997, 2022]]"
3,0,John Yen,
15,18,Konrad Zuse,"[[2008, 2008], [1956, 1956], [1959, 1959], [1967, 1967], [1975, 1975], [1979, 1983], [1990, 1991], [1993, 1994], [2001, 2001]]"
0,5,Mark Zuckerberg,"[[2022, 2022], [2004, 2004], [2006, 2006], [2010, 2010], [2016, 2016]]"
0,4,Jill Zimmerman,"[[2012, 2012], [1993, 1993], [2006, 2006]]"
0,272,Shlomo Zilberstein,"[[2023, 2023], [1991, 1991], [1993, 2022]]"
0,97,Hussein Zedan,"[[2017, 2017], [1987, 1987], [1990, 2011], [2013, 2014]]"
0,194,Stanley Zdonik,"[[2022, 2022], [1980, 1980], [1983, 1999], [2001, 2021]]"
0,0,Jie Wu,
0,118,Hans Zantema,"[[2023, 2023], [1991, 1997], [1999, 2022]]"
0,0,Beatrice Helen Worsley,
16,194,Lotfi Zadeh,"[[2019, 2019], [1956, 1956], [1961, 1961], [1963, 1963], [1965, 1965], [1968, 1969], [1971, 1975], [1977, 1977], [1979, 1979], [1982, 1989], [1991, 2018]]"
15,607,Moti Yung,"[[2023, 2023], [1984, 2022]]"
0,0,Mike Woodger,
0,0,Dennis E. Wisnosky,
0,18,Edward Yourdon,"[[2007, 2007], [1975, 1975], [1977, 1977], [1985, 1985], [1990, 1991], [1994, 1998], [2000, 2000], [2002, 2002], [2005, 2005]]"
1,0,Patrick Winston,
4,179,Andrew Chi-Chih Yao,"[[2023, 2023], [1974, 1983], [1985, 2018], [2020, 2022]]"
1,290,Mihalis Yannakakis,"[[2023, 2023], [1978, 2022]]"
0,84,William Wulf,"[[2011, 2011], [1968, 1978], [1980, 1981], [1983, 1983], [1986, 1986], [1988, 1988], [1992, 2000], [2007, 2007]]"
0,1,Steve Wozniak,"[[2016, 2016]]"
1,0,Adriaan van Wijngaarden,
6,10,Philip Woodward,"[[1972, 1972], [1953, 1953], [1961, 1961], [1966, 1966], [1970, 1970]]"
1,37,Stephen Wolfram,"[[2022, 2022], [1981, 1981], [1985, 1985], [1988, 1988], [1990, 1992], [1994, 1994], [1996, 1997], [1999, 1999], [2002, 2003], [2012, 2013], [2016, 2017], [2019, 2021]]"
0,25,Neil Wiseman,"[[1996, 1996], [1961, 1961], [1963, 1964], [1968, 1968], [1971, 1972], [1975, 1975], [1977, 1979], [1982, 1988], [1990, 1990], [1992, 1993], [1995, 1995]]"
10,92,Niklaus Wirth,"[[2021, 2021], [1963, 1966], [1968, 1969], [1971, 1971], [1973, 1979], [1981, 1983], [1985, 1996], [1998, 2003], [2006, 2008], [2010, 2010], [2012, 2012]]"
6,0,Steve Whittaker,
1,116,Terry Winograd,"[[2020, 2020], [1973, 1973], [1977, 1980], [1983, 1990], [1992, 2009], [2012, 2012], [2016, 2019]]"
0,40,Shmuel Winograd,"[[1994, 1994], [1962, 1968], [1972, 1972], [1975, 1975], [1977, 1983], [1985, 1988], [1990, 1992]]"
3,0,David Wheeler,
12,2,Sophie Wilson,"[[2020, 2020], [2019, 2019]]"
6,25,James H. Wilkinson,"[[2007, 2007], [1958, 1963], [1965, 1965], [1967, 1971], [1975, 1975], [1992, 1992]]"
0,199,Yorick Wilks,"[[2023, 2023], [1968, 1969], [1973, 1973], [1975, 1980], [1983, 2012], [2014, 2019]]"
10,84,Maurice Vincent Wilkes,"[[2007, 2007], [1951, 1952], [1958, 1959], [1961, 1962], [1964, 1969], [1971, 1974], [1976, 1978], [1980, 1984], [1986, 1986], [1988, 1988], [1990, 1998], [2000, 2001], [2003, 2003], [2006, 2006]]"
0,0,Mark Weiser,
0,2,Mary Allen Wilkes,"[[1970, 1970]]"
4,2,Norbert Wiener,"[[1984, 1984], [1950, 1950]]"
3,204,Gio Wiederhold,"[[2016, 2016], [1967, 1968], [1971, 1973], [1975, 1977], [1979, 2011], [2014, 2014]]"
6,218,Jennifer Widom,"[[2017, 2017], [1986, 2016]]"
0,0,Steve Ward,
0,0,James Z. Wang,
0,2,Franklin H. Westervelt,"[[1992, 1992], [1979, 1979]]"
0,0,David Wagner,
0,19,Joseph Weizenbaum,"[[2008, 2008], [1958, 1958], [1961, 1964], [1966, 1967], [1969, 1970], [1976, 1977], [1980, 1980], [1983, 1983], [1986, 1986], [1993, 1993], [2005, 2005]]"
0,11,Peter J. Weinberger,"[[1994, 1994], [1976, 1976], [1978, 1979], [1983, 1985], [1988, 1988]]"
0,12,Joseph Henry Wegstein,"[[1965, 1965], [1952, 1952], [1958, 1960], [1962, 1963]]"
2,102,Peter Wegner,"[[2012, 2012], [1960, 1962], [1966, 1967], [1969, 1972], [1974, 1974], [1976, 1976], [1978, 1978], [1980, 1999], [2001, 2006], [2008, 2008], [2010, 2010]]"
10,168,Philip Wadler,"[[2021, 2021], [1976, 1976], [1980, 1981], [1984, 2020]]"
0,72,Jan Weglarz,"[[2023, 2023], [1976, 1977], [1979, 1980], [1984, 1984], [1986, 1986], [1995, 2002], [2004, 2018], [2020, 2022]]"
8,118,Kevin Warwick,"[[2022, 2022], [1991, 1992], [1995, 1996], [1998, 2021]]"
0,38,David H. D. Warren,"[[2004, 2004], [1976, 1978], [1980, 1984], [1987, 1988], [1990, 1991], [1993, 1996], [2003, 2003]]"
1,241,Manfred K. Warmuth,"[[2023, 2023], [1984, 2022]]"
0,0,François Vernadat,
7,57,David Waltz,"[[2012, 2012], [1975, 1975], [1977, 1993], [1995, 2000], [2005, 2006], [2008, 2011]]"
0,0,Dorothy Vaughan,
0,7,Eiiti Wada,"[[2010, 2010], [1960, 1960], [1969, 1969], [1971, 1971], [1986, 1987], [1996, 1996]]"
0,35,Paul Vixie,"[[2020, 2020], [1994, 2000], [2002, 2003], [2005, 2009], [2011, 2015], [2018, 2018]]"
0,307,Jeffrey Scott Vitter,"[[2024, 2024], [1980, 2023]]"
8,43,Andrew Viterbi,"[[2022, 2022], [1965, 1967], [1969, 1970], [1972, 1974], [1976, 1979], [1983, 1983], [1985, 1985], [1989, 1994], [1996, 1996], [1998, 2000], [2002, 2002], [2006, 2007], [2009, 2009], [2018, 2018]]"
0,254,Paul Vitanyi,"[[2023, 2023], [1974, 1978], [1980, 2020], [2022, 2022]]"
0,0,David Turner,
2,39,Sergiy Vilkomir,"[[2018, 2018], [2001, 2017]]"
0,9,Richard Veryard,"[[2022, 2022], [1994, 1994], [1996, 1996], [2001, 2001], [2003, 2003], [2007, 2007]]"
4,625,Manuela M. Veloso,"[[2024, 2024], [1991, 1991], [1993, 2023]]"
1,112,Umesh Vazirani,"[[2023, 2023], [1982, 1990], [1992, 2009], [2011, 2014], [2017, 2022]]"
0,12,Bernard Vauquois,"[[1985, 1985], [1959, 1960], [1963, 1963], [1965, 1969], [1980, 1980]]"
14,774,Moshe Vardi,"[[2024, 2024], [1979, 2023]]"
0,0,Godfried Toussaint,
11,84,Vladimir Vapnik,"[[2021, 2021], [1989, 1989], [1991, 2004], [2006, 2011], [2013, 2017], [2019, 2020]]"
10,0,Leonardo Torres Quevedo,
14,119,Leslie Valiant,"[[2021, 2021], [1973, 1996], [1998, 2013], [2017, 2018]]"
3,341,Jeffrey D. Ullman,"[[2023, 2023], [1965, 2003], [2005, 2005], [2007, 2007], [2009, 2022]]"
1,135,Murray Turoff,"[[2020, 2020], [1971, 1971], [1973, 1974], [1976, 1976], [1978, 1983], [1985, 1987], [1989, 2019]]"
0,0,Simon Thompson,
1,12,Alan Turing,"[[2012, 2012], [1937, 1938], [1942, 1942], [1948, 1948], [1950, 1950], [1990, 1990], [2001, 2001], [2003, 2003]]"
25,0,Ken Thompson,
16,6,John Tukey,"[[2017, 2017], [1966, 1966], [1974, 1975], [1977, 1977], [1992, 1992]]"
0,114,John V. Tucker,"[[2023, 2023], [1979, 1985], [1987, 1993], [1995, 1996], [1998, 2014], [2016, 2018], [2020, 2022]]"
0,97,Joseph F Traub,"[[2015, 2015], [1960, 1966], [1968, 1986], [1988, 1988], [1991, 1993], [1997, 2002], [2004, 2007], [2009, 2009], [2011, 2014]]"
0,0,Avie Tevanian,
0,3,Edwin E. Tozer,"[[1979, 1979], [1975, 1976]]"
1,42,Gloria Townsend,"[[2023, 2023], [1991, 1991], [1995, 1996], [1998, 1999], [2002, 2002], [2005, 2005], [2007, 2009], [2012, 2022]]"
4,0,Shang-Hua Teng,
0,0,Mario Tchou,
4,0,Valerie Taylor,
0,2,Linus Torvalds,"[[2018, 2018], [1999, 1999]]"
8,87,Chai Keong Toh,"[[2023, 2023], [1995, 2007], [2009, 2013], [2016, 2019], [2021, 2021]]"
0,41,Seinosuke Toda,"[[2015, 2015], [1986, 1987], [1989, 1996], [1999, 1999], [2001, 2001], [2003, 2003], [2005, 2007], [2009, 2010]]"
0,204,Walter F. Tichy,"[[2023, 2023], [1979, 1979], [1982, 2022]]"
3,328,Sebastian Thrun,"[[2023, 2023], [1990, 2017], [2020, 2020], [2022, 2022]]"
1,0,Austin Tate,
1,589,Daniel Thalmann,"[[2024, 2024], [1977, 2023]]"
10,12,Charles P. Thacker,"[[2013, 2013], [1987, 1988], [1991, 1993], [2007, 2007], [2010, 2010], [2012, 2012]]"
0,10,Larry Tesler,"[[2012, 2012], [1969, 1969], [1978, 1978], [1980, 1980], [1983, 1983], [1985, 1985], [2001, 2001]]"
5,147,Jaime Teevan,"[[2023, 2023], [2001, 2001], [2003, 2022]]"
3,0,Madhu Sudan,
3,347,Robert Tarjan,"[[2023, 2023], [1971, 2022]]"
8,152,Gábor Tardos,"[[2024, 2024], [1988, 1990], [1994, 2023]]"
5,235,Éva Tardos,"[[2023, 2023], [1985, 2022]]"
2,384,Bernhard Thalheim,"[[2023, 2023], [1984, 2022]]"
0,212,Andrew S. Tanenbaum,"[[2017, 2017], [1973, 1973], [1976, 1979], [1981, 2016]]"
0,305,Roberto Tamassia,"[[2023, 2023], [1983, 2022]]"
0,6,Parisa Tabriz,"[[2019, 2019], [2006, 2007], [2017, 2017]]"
1,119,Mario Szegedy,"[[2023, 2023], [1984, 1984], [1986, 2022]]"
0,49,Latanya Sweeney,"[[2018, 2018], [1997, 2002], [2004, 2010], [2012, 2016]]"
11,48,Ivan Sutherland,"[[2019, 2019], [1963, 1964], [1968, 1969], [1973, 1974], [1981, 1981], [1983, 1983], [1989, 1989], [1992, 1992], [1994, 1994], [1998, 1999], [2001, 2001], [2003, 2005], [2007, 2007], [2010, 2012], [2015, 2018]]"
1,2,Bert Sutherland,"[[2005, 2005], [1971, 1971]]"
2,38,Gerald Jay Sussman,"[[2020, 2020], [1972, 1972], [1977, 1977], [1979, 1981], [1985, 1985], [1988, 1990], [1993, 1993], [1996, 1998], [2000, 2001], [2004, 2009], [2013, 2013]]"
0,0,Alexander Stepanov,
7,0,Thomas Sterling,
24,78,Bjarne Stroustrup,"[[2020, 2020], [1978, 1979], [1981, 1993], [1995, 1998], [2000, 2000], [2003, 2013], [2015, 2015]]"
0,21,Volker Strassen,"[[2012, 2012], [1971, 1981], [1983, 1983], [1986, 1986], [1990, 1990], [2009, 2009]]"
0,17,Christopher Strachey,"[[2000, 2000], [1952, 1952], [1959, 1963], [1965, 1965], [1972, 1972]]"
0,0,Maciej Stachowiak,
0,3,Olaf Storaasli,"[[2010, 2010], [2007, 2008]]"
0,0,Rohini Kesavan Srihari,
0,0,Robert Sproull,
4,421,Michael Stonebraker,"[[2023, 2023], [1972, 1972], [1974, 2022]]"
0,180,Salvatore Stolfo,"[[2022, 2022], [1979, 1979], [1981, 1987], [1989, 1989], [1991, 2019]]"
0,86,Larry Stockmeyer,"[[2006, 2006], [1971, 1996], [1998, 2004]]"
0,18,W. Richard Stevens,"[[2003, 2003], [1982, 1982], [1989, 1990], [1992, 1992], [1994, 1999]]"
6,106,"Guy L. Steele, Jr.","[[2023, 2023], [1975, 1975], [1977, 1977], [1979, 1980], [1982, 1988], [1990, 2017], [2019, 2022]]"
5,103,Richard E. Stearns,"[[2023, 2023], [1961, 1970], [1973, 1974], [1976, 1978], [1981, 1981], [1984, 1988], [1990, 1990], [1992, 1992], [1994, 1996], [1998, 1998], [2001, 2003], [2005, 2008], [2011, 2013], [2015, 2015], [2017, 2022]]"
0,266,Thad Starner,"[[2023, 2023], [1992, 1994], [1996, 2022]]"
0,28,Ronald Stamper,"[[2016, 2016], [1977, 1979], [1985, 1986], [1988, 1988], [1992, 1992], [1994, 1995], [1998, 2000], [2002, 2002], [2012, 2012]]"
12,13,Richard Stallman,"[[2010, 2010], [1977, 1978], [1981, 1981], [1992, 1992], [1997, 1997], [2000, 2002], [2006, 2006], [2009, 2009]]"
2,282,Sargur Srihari,"[[2023, 2023], [1976, 1976], [1979, 2022]]"
0,9,Carol Spradling,"[[2014, 2014], [2008, 2009], [2012, 2013]]"
0,0,Shashi Shekhar,
0,2,Steven Spewak,"[[1987, 1987], [1980, 1980]]"
0,24,David Canfield Smith,"[[2020, 2020], [1969, 1969], [1971, 1973], [1982, 1982], [1984, 1985], [1989, 1989], [1991, 1991], [1994, 1996], [1998, 1998], [2000, 2001]]"
0,15,Brian Cantwell Smith,"[[1996, 1996], [1973, 1975], [1977, 1977], [1982, 1986], [1991, 1991]]"
0,50,Arne Sølvberg,"[[2017, 2017], [1977, 1979], [1981, 1981], [1985, 1986], [1990, 1995], [1997, 1999], [2001, 2007], [2010, 2010], [2012, 2013]]"
0,69,Aaron Sloman,"[[2020, 2020], [1971, 1971], [1975, 1976], [1978, 1978], [1981, 1981], [1983, 1983], [1985, 1986], [1988, 1992], [1994, 2011], [2014, 2014], [2016, 2019]]"
1,42,Daniel Sleator,"[[2019, 2019], [1980, 1981], [1983, 1992], [1994, 1995], [1999, 1999], [2002, 2002], [2006, 2006], [2009, 2009], [2016, 2017]]"
0,159,Ramesh Sitaraman,"[[2023, 2023], [1988, 1989], [1991, 2004], [2006, 2006], [2008, 2022]]"
6,476,Munindar P. Singh,"[[2023, 2023], [1990, 2022]]"
29,85,Herbert A. Simon,"[[2013, 2013], [1954, 1954], [1956, 1963], [1966, 1966], [1971, 1971], [1973, 1977], [1980, 1981], [1983, 1984], [1986, 1995], [1997, 2002]]"
0,0,Cliff Shaw,
0,0,David E. Shaw,
13,0,Adi Shamir,
2,229,Joseph Sifakis,"[[2023, 2023], [1974, 1974], [1976, 1988], [1990, 2022]]"
0,0,Michael L. Scott,
2,270,Daniel Siewiorek,"[[2023, 2023], [1973, 1986], [1988, 2022]]"
0,121,Edward H. Shortliffe,"[[2022, 2022], [1974, 1974], [1977, 1977], [1981, 1983], [1985, 1987], [1989, 1989], [1991, 1994], [1996, 2013], [2015, 2016], [2018, 2021]]"
0,0,Glenda Schroeder,
1,503,Ben Shneiderman,"[[2023, 2023], [1971, 1984], [1986, 2022]]"
5,370,Scott Shenker,"[[2023, 2023], [1987, 2022]]"
0,0,Steve Schneider,
0,0,Wilhelm Schickard,
3,0,Jonathan Schaeffer,
23,19,Claude Shannon,"[[2006, 2006], [1948, 1949], [1953, 1953], [1956, 1958], [1967, 1967], [1974, 1974], [1998, 1998], [2001, 2001]]"
1,338,Nigel Shadbolt,"[[2023, 2023], [1984, 1984], [1987, 1996], [1998, 2022]]"
0,0,Carl Sassenrath,
0,70,Ravi Sethi,"[[2016, 2016], [1970, 1970], [1972, 1984], [1986, 1986], [1988, 1988], [1990, 1990], [1992, 1992], [1996, 1996], [2000, 2000], [2006, 2006]]"
2,99,Robert Sedgewick,"[[2019, 2019], [1970, 1970], [1974, 1975], [1977, 1979], [1981, 1988], [1990, 1993], [1995, 1999], [2002, 2002], [2004, 2017]]"
6,54,Dana Scott,"[[2023, 2023], [1958, 1959], [1967, 1967], [1971, 1972], [1975, 1977], [1982, 1983], [1985, 1986], [1989, 1994], [1996, 1996], [1998, 2002], [2004, 2004], [2007, 2009], [2012, 2014], [2016, 2016], [2018, 2021]]"
15,877,Bernhard Schölkopf,"[[2023, 2023], [1995, 2022]]"
0,0,Gerard Salton,
0,78,Sarita Schoenebeck,"[[2023, 2023], [2005, 2022]]"
1,153,Fred B. Schneider,"[[2022, 2022], [1978, 1978], [1980, 2015], [2017, 2021]]"
0,164,Bruce Schneier,"[[2023, 2023], [1993, 2022]]"
0,475,Jürgen Schmidhuber,"[[2023, 2023], [1987, 1987], [1990, 2022]]"
0,32,Walter Savitch,"[[2011, 2011], [1969, 1970], [1972, 1973], [1975, 1975], [1977, 1984], [1989, 1989], [1993, 1995], [2001, 2001]]"
5,220,Mahadev Satyanarayanan,"[[2023, 2023], [1980, 1981], [1985, 1997], [1999, 2022]]"
0,0,M. A. Rothman,
0,135,Claude Sammut,"[[2023, 2023], [1979, 1979], [1981, 1983], [1985, 1985], [1988, 1988], [1990, 1998], [2000, 2008], [2010, 2019], [2021, 2022]]"
2,56,Jean E. Sammet,"[[2003, 2003], [1961, 1964], [1966, 1967], [1969, 1969], [1971, 1972], [1974, 1976], [1978, 1978], [1981, 1988], [1991, 1991], [1993, 1993], [2000, 2000]]"
0,0,John Romero,
0,37,Umar Saif,"[[2021, 2021], [2001, 2003], [2005, 2009], [2011, 2019]]"
0,120,Mehrnoosh Sadrzadeh,"[[2023, 2023], [2004, 2005], [2007, 2022]]"
0,2,George Sadowsky,"[[1993, 1993], [1972, 1972]]"
0,47,Peter Ružička,"[[2007, 2007], [1975, 1977], [1979, 1981], [1988, 1989], [1991, 1991], [1993, 1994], [1996, 2003], [2005, 2006]]"
1,0,Ken Robinson,
0,50,James Rumbaugh,"[[2010, 2010], [1977, 1977], [1987, 1991], [1993, 1999], [2001, 2001], [2005, 2006]]"
0,6,Jeff Rulifson,"[[1998, 1998], [1964, 1964], [1969, 1969], [1971, 1972], [1978, 1978]]"
1,40,Steven Rudich,"[[2012, 2012], [1985, 1985], [1988, 1999], [2001, 2002], [2004, 2004]]"
0,5,Rudy Rucker,"[[2013, 2013], [1989, 1989], [1992, 1992], [1996, 1996], [2011, 2011]]"
0,1,Winston W. Royce,"[[1992, 1992]]"
1,14,Guido van Rossum,"[[2020, 2020], [1989, 1994], [1997, 1997], [2007, 2007]]"
0,0,Adam Riese,
0,0,Martin Richards,
0,0,Reinder van de Riet,
2,30,Douglas T. Ross,"[[1996, 1996], [1956, 1956], [1961, 1965], [1967, 1968], [1975, 1978], [1985, 1985], [1988, 1989], [1992, 1992]]"
1,0,John C. Reynolds,
3,461,Azriel Rosenfeld,"[[2007, 2007], [1965, 2005]]"
13,0,Raj Reddy,
0,179,Colette Rolland,"[[2023, 2023], [1978, 1983], [1985, 2015], [2017, 2017], [2021, 2022]]"
3,0,T. V. Raman,
13,234,Ron Rivest,"[[2022, 2022], [1972, 2021]]"
10,16,Dennis Ritchie,"[[1999, 1999], [1967, 1967], [1973, 1974], [1978, 1979], [1983, 1984], [1988, 1988], [1990, 1990], [1993, 1993], [1997, 1997]]"
0,0,Rapelang Rabana,
0,139,C. J. van Rijsbergen,"[[2017, 2017], [1971, 1971], [1973, 1976], [1978, 1981], [1983, 2016]]"
0,7,Bernard Richards,"[[2017, 2017], [1998, 1999], [2001, 2001], [2013, 2013]]"
0,68,Joyce K. Reynolds,"[[2004, 2004], [1983, 1994], [1997, 2003]]"
0,18,Trygve Reenskaug,"[[2020, 2020], [1977, 1977], [1989, 1989], [1991, 1993], [1996, 1997], [1999, 2001], [2003, 2003], [2006, 2006], [2012, 2012]]"
0,27,David P. Reed,"[[2012, 2012], [1977, 1979], [1981, 1984], [1993, 1993], [2003, 2006], [2008, 2009]]"
0,0,Cicely Popplewell,
1,0,Willem van der Poel,
1,91,Anders P. Ravn,"[[2017, 2017], [1979, 1980], [1982, 1982], [1984, 1984], [1986, 1986], [1988, 1988], [1991, 2000], [2003, 2004], [2006, 2016]]"
0,111,Brian Randell,"[[2023, 2023], [1962, 1964], [1967, 1969], [1971, 1971], [1973, 1975], [1977, 1979], [1981, 1983], [1985, 1987], [1989, 1989], [1991, 2009], [2011, 2012], [2014, 2019], [2021, 2022]]"
0,315,Dragomir R. Radev,"[[2023, 2023], [1995, 2022]]"
11,67,Michael O. Rabin,"[[2014, 2014], [1958, 1959], [1963, 1963], [1966, 1966], [1971, 1972], [1974, 1974], [1977, 1977], [1980, 1983], [1987, 1987], [1989, 1989], [1991, 2009], [2012, 2012]]"
0,615,Grzegorz Rozenberg,"[[2022, 2022], [1971, 2021]]"
0,9,William H. Press,"[[2022, 2022], [1992, 1992], [1996, 1996], [2002, 2002], [2006, 2007], [2009, 2009]]"
1,199,Franco Preparata,"[[2013, 2013], [1964, 1968], [1970, 1972], [1974, 2009], [2011, 2012]]"
3,230,Jon Postel,"[[2009, 2009], [1970, 2000]]"
0,3,Emil Post,"[[1947, 1947], [1936, 1936], [1946, 1946]]"
3,277,Amir Pnueli,"[[2019, 2019], [1969, 1974], [1977, 2010], [2012, 2012], [2018, 2018]]"
0,0,Mihai Pătraşcu,
9,159,Gordon Plotkin,"[[2023, 2023], [1974, 1982], [1984, 1991], [1993, 1997], [1999, 2022]]"
8,227,Keshav Pingali,"[[2023, 2023], [1985, 1986], [1988, 1997], [1999, 2022]]"
0,83,Roberto Pieraccini,"[[2021, 2021], [1983, 1984], [1986, 1998], [2000, 2013]]"
0,1,Kathy Pham,"[[2020, 2020]]"
2,252,Simon Peyton Jones,"[[2023, 2023], [1981, 1982], [1985, 1989], [1991, 2022]]"
0,4,Rózsa Péter,"[[1975, 1975], [1950, 1950], [1972, 1973]]"
0,1,Pier Giorgio Perotto,"[[1963, 1963]]"
13,0,David Patterson,
0,67,Radia Perlman,"[[2022, 2022], [1981, 1981], [1983, 1983], [1985, 1985], [1987, 1988], [1990, 1991], [1993, 1993], [1995, 1995], [1997, 1997], [1999, 2014], [2016, 2019]]"
0,0,DJ Patil,
6,51,Alan Perlis,"[[1989, 1989], [1954, 1954], [1956, 1956], [1958, 1964], [1966, 1967], [1969, 1970], [1973, 1973], [1977, 1979], [1981, 1982], [1985, 1986]]"
7,309,Judea Pearl,"[[2023, 2023], [1971, 1973], [1975, 1977], [1979, 1997], [1999, 2002], [2004, 2022]]"
0,0,David Park,
0,148,Juan Pavón,"[[2022, 2022], [1987, 1988], [1994, 1994], [1996, 2021]]"
6,81,Randy Pausch,"[[2008, 2008], [1983, 1983], [1985, 1985], [1987, 1988], [1990, 2007]]"
2,223,Lawrence Paulson,"[[2024, 2024], [1981, 1989], [1991, 2023]]"
2,0,John O'Sullivan,
2,150,Mike Paterson,"[[2022, 2022], [1970, 2009], [2011, 2011], [2014, 2014], [2017, 2017], [2019, 2021]]"
0,211,Yale Patt,"[[2022, 2022], [1967, 1967], [1969, 1969], [1972, 1973], [1975, 1975], [1977, 1977], [1979, 1979], [1984, 2018], [2020, 2021]]"
0,179,David Parnas,"[[2021, 2021], [1966, 1969], [1971, 1979], [1981, 2012], [2017, 2018]]"
4,0,Kristen Nygaard,
12,494,Christos Papadimitriou,"[[2023, 2023], [1976, 2022]]"
1,82,Paritosh Pandya,"[[2023, 2023], [1986, 1986], [1989, 1996], [1998, 1998], [2001, 2022]]"
2,328,Sankar Pal,"[[2023, 2023], [1978, 1978], [1980, 1984], [1986, 2022]]"
0,5,Larry Page,"[[2012, 2012], [1998, 1998]]"
0,36,Susan Owicki,"[[1995, 1995], [1975, 1978], [1981, 1983], [1985, 1986], [1989, 1994]]"
0,242,Mark Overmars,"[[2013, 2013], [1980, 1985], [1987, 2012]]"
3,83,John Ousterhout,"[[2022, 2022], [1977, 1977], [1979, 1980], [1982, 1995], [1998, 1999], [2009, 2011], [2013, 2019], [2021, 2021]]"
0,11,Severo Ornstein,"[[1985, 1985], [1967, 1967], [1970, 1970], [1972, 1973], [1975, 1976], [1981, 1981], [1984, 1984]]"
0,5,Steve Omohundro,"[[2023, 2023], [2014, 2015], [2021, 2021]]"
0,35,T. William Olle,"[[2008, 2008], [1968, 1970], [1974, 1976], [1978, 1978], [1981, 1983], [1986, 1986], [1988, 1988], [1990, 1991], [1993, 1994], [1996, 1996], [1999, 1999], [2003, 2004], [2006, 2006]]"
17,108,Peter O'Hearn,"[[2023, 2023], [1989, 1989], [1991, 2012], [2014, 2016], [2018, 2022]]"
6,0,Phiwa Nkambule,
0,141,Martin Odersky,"[[2023, 2023], [1987, 1987], [1989, 2001], [2003, 2018], [2020, 2022]]"
0,0,Nils John Nilsson,
22,0,Andrew Ng,
5,0,Allen Newell,
0,1,George Novacky,"[[1982, 1982]]"
0,0,Klara Dan von Neumann,
0,0,Bernard de Neumann,
1,0,Greg Nelson,
5,41,Peter Norvig,"[[2023, 2023], [1983, 1985], [1987, 1987], [1989, 1991], [1994, 1995], [1998, 1998], [2000, 2000], [2003, 2007], [2009, 2018], [2020, 2020]]"
1,0,Roger Needham,
0,82,Donald Norman,"[[2023, 2023], [1973, 1973], [1977, 1977], [1980, 1985], [1991, 1996], [1999, 1999], [2001, 2010], [2012, 2012], [2014, 2017], [2019, 2019]]"
0,44,Peter Nordin,"[[2019, 2019], [1994, 2004], [2008, 2008], [2011, 2011], [2014, 2014], [2017, 2018]]"
0,16,Jerre Noe,"[[1988, 1988], [1971, 1973], [1975, 1975], [1979, 1979], [1985, 1987]]"
17,110,Maurice Nivat,"[[2016, 2016], [1968, 1968], [1970, 1970], [1972, 1982], [1985, 1985], [1988, 1998], [2000, 2005], [2007, 2008], [2012, 2012], [2015, 2015]]"
0,219,Tobias Nipkow,"[[2023, 2023], [1983, 1983], [1986, 2022]]"
0,36,G.M. Nijssen,"[[2018, 2018], [1971, 1972], [1974, 1977], [1979, 1980], [1982, 1983], [1985, 1985], [1987, 1989], [2006, 2007], [2014, 2017]]"
4,2,Max Newman,"[[1968, 1968], [1966, 1966]]"
14,10,John von Neumann,"[[2007, 2007], [1959, 1959], [1981, 1981], [1983, 1983], [1988, 1988], [1991, 1991], [1993, 1993], [2000, 2000], [2006, 2006]]"
1,0,Rajeev Motwani,
0,0,Joel Moses,
0,12,James G. Nell,"[[2003, 2003], [1997, 1997], [2002, 2002]]"
2,38,Peter Naur,"[[2007, 2007], [1961, 1961], [1963, 1966], [1968, 1968], [1974, 1975], [1978, 1980], [1982, 1982], [1985, 1986], [1992, 1993], [1996, 1996], [2006, 2006]]"
0,182,Bonnie Nardi,"[[2024, 2024], [1986, 1986], [1990, 2022]]"
0,29,Frieder Nake,"[[2021, 2021], [1966, 1966], [1971, 1971], [1982, 1982], [1986, 1986], [1988, 1988], [1992, 1995], [1998, 1998], [2001, 2001], [2003, 2003], [2005, 2005], [2007, 2009], [2019, 2019]]"
8,0,Roger Moore,
6,82,Makoto Nagao,"[[2021, 2021], [1965, 1965], [1969, 1969], [1972, 1973], [1979, 1980], [1982, 1988], [1990, 2001], [2005, 2006], [2008, 2008], [2013, 2013], [2020, 2020]]"
0,49,Mihai Nadin,"[[2023, 2023], [1985, 1985], [1989, 1991], [1995, 1995], [2000, 2003], [2007, 2021]]"
18,0,Gordon Moore,
4,364,Brad A. Myers,"[[2023, 2023], [1983, 2022]]"
0,122,Alan Mycroft,"[[2023, 2023], [1980, 1980], [1982, 1986], [1991, 1993], [1995, 1996], [1999, 2022]]"
1,525,Klaus-Robert Müller,"[[2024, 2024], [1993, 2023]]"
8,208,Stephen Muggleton,"[[2023, 2023], [1986, 2022]]"
0,0,Edward F. Moore,
0,5,Oleg A. Mukhanov,"[[2023, 2023], [2001, 2001], [2004, 2004], [2008, 2008], [2019, 2019]]"
0,0,John P. Moon,
2,0,Cleve Moler,
0,106,Robert Tappan Morris,"[[2020, 2020], [1994, 1995], [1997, 1997], [1999, 2015], [2017, 2019]]"
2,0,Tom M. Mitchell,
0,121,Carroll Morgan,"[[2023, 2023], [1976, 1976], [1983, 1985], [1987, 1996], [1998, 2022]]"
0,0,Bertrand Meyer,
0,18,Hans Moravec,"[[2003, 2003], [1971, 1971], [1977, 1977], [1979, 1982], [1985, 1985], [1987, 1988], [1990, 1991], [1994, 1994]]"
0,0,Dora Metcalf,
0,86,J Strother Moore,"[[2023, 2023], [1973, 1973], [1975, 1977], [1979, 1980], [1983, 1986], [1988, 1991], [1994, 1994], [1996, 1999], [2001, 2015], [2017, 2017], [2019, 2020], [2022, 2022]]"
0,5,Charles H. Moore,"[[2021, 2021], [1976, 1976], [1993, 1993], [2019, 2019]]"
0,0,Chris McKinstry,
0,79,Faron Moller,"[[2024, 2024], [1990, 2006], [2008, 2008], [2012, 2017], [2019, 2020], [2023, 2023]]"
0,0,Andrew McCallum,
6,0,John McCarthy,
11,13,Paul Mockapetris,"[[2005, 2005], [1977, 1977], [1983, 1983], [1986, 1990], [1995, 1995]]"
0,1,Arvind Mithal,"[[2015, 2015]]"
1,19,James G. Mitchell,"[[2022, 2022], [1970, 1970], [1974, 1975], [1977, 1978], [1981, 1983], [1993, 1994], [1996, 1996], [2010, 2011]]"
12,33,Marvin Minsky,"[[2013, 2013], [1959, 1959], [1961, 1962], [1964, 1964], [1966, 1966], [1970, 1970], [1977, 1977], [1980, 1980], [1982, 1983], [1987, 1989], [1991, 1994], [1999, 2000], [2002, 2002], [2004, 2004], [2006, 2006], [2010, 2010], [2012, 2012]]"
2,153,Jack Minker,"[[2014, 2014], [1960, 1961], [1966, 1966], [1970, 2003], [2007, 2008], [2011, 2012]]"
9,107,Robin Milner,"[[2013, 2013], [1968, 1968], [1970, 1972], [1976, 2006], [2008, 2010]]"
7,168,Silvio Micali,"[[2021, 2021], [1980, 2006], [2008, 2020]]"
3,0,Derek McAuley,
0,0,Yukihiro Matsumoto,
8,449,Kurt Mehlhorn,"[[2023, 2023], [1973, 2022]]"
3,26,Lambert Meertens,"[[2021, 2021], [1969, 1969], [1975, 1977], [1979, 1980], [1983, 1985], [1989, 1990], [1992, 1992], [1996, 1998], [2001, 2001], [2004, 2004], [2006, 2006]]"
0,40,Marshall Kirk McKusick,"[[2022, 2022], [1982, 1984], [1986, 1987], [1990, 1990], [1993, 1993], [1995, 1997], [1999, 2000], [2002, 2007], [2009, 2010], [2012, 2014]]"
0,0,Robert C. Martin,
2,0,James Martin,
0,25,Douglas McIlroy,"[[2011, 2011], [1960, 1960], [1963, 1963], [1969, 1969], [1974, 1974], [1982, 1983], [1985, 1985], [1989, 1990], [1992, 1993], [1997, 1997], [1999, 1999], [2001, 2001], [2004, 2004]]"
0,0,Ada Lovelace,
0,0,Patricia D. Lopez,
0,64,Conor McBride,"[[2021, 2021], [1996, 1996], [2000, 2000], [2002, 2018], [2020, 2020]]"
0,214,Ujjwal Maulik,"[[2024, 2024], [1998, 1998], [2000, 2023]]"
6,2,John Mauchly,"[[1997, 1997], [1953, 1953]]"
2,46,Yuri Matiyasevich,"[[2022, 2022], [1984, 1984], [1993, 1999], [2001, 2001], [2003, 2006], [2008, 2010], [2012, 2018], [2020, 2020]]"
0,18,John Mashey,"[[2021, 2021], [1972, 1973], [1976, 1976], [1979, 1979], [1981, 1981], [1983, 1983], [1986, 1986], [1993, 1993], [1996, 1996], [2002, 2002], [2004, 2004], [2006, 2006], [2008, 2009]]"
4,190,Zohar Manna,"[[2010, 2010], [1969, 1981], [1983, 2008]]"
1,45,Simon Marlow,"[[2019, 2019], [1992, 1993], [1995, 1995], [1997, 1997], [1999, 2002], [2004, 2012], [2014, 2014], [2016, 2016]]"
1,200,Tom Maibaum,"[[2021, 2021], [1972, 1972], [1974, 1974], [1977, 2020]]"
0,738,Nadia Magnenat Thalmann,"[[2024, 2024], [1978, 2023]]"
7,387,Nancy Lynch,"[[2023, 2023], [1973, 2022]]"
0,40,Eugene Luks,"[[2015, 2015], [1980, 1980], [1982, 1983], [1985, 1992], [1994, 1997], [1999, 2000], [2002, 2002], [2004, 2005], [2011, 2011]]"
0,53,David Luckham,"[[2008, 2008], [1964, 1964], [1970, 1982], [1984, 2000], [2005, 2005]]"
0,7,Gillian Lovegrove,"[[2005, 2005], [1988, 1988], [1990, 1991], [1994, 1994]]"
2,188,Darrell Long,"[[2023, 2023], [1987, 2022]]"
0,0,Max Levchin,
0,119,Yanhong Annie Liu,"[[2024, 2024], [1995, 2023]]"
11,163,Barbara Liskov,"[[2022, 2022], [1971, 1979], [1981, 2010], [2012, 2016], [2018, 2021]]"
1,229,Richard J. Lipton,"[[2022, 2022], [1974, 1986], [1989, 2013], [2015, 2016], [2020, 2020]]"
3,0,Manny M Lehman,
0,5,Charles H. Lindsey,"[[2013, 2013], [1977, 1977], [2009, 2009]]"
0,10,John Lions,"[[1998, 1998], [1966, 1966], [1968, 1968], [1970, 1971], [1978, 1979], [1985, 1985], [1987, 1987], [1996, 1996]]"
0,37,Jochen Liedtke,"[[2001, 2001], [1991, 2000]]"
0,4,David Liddle,"[[1994, 1994], [1972, 1973]]"
0,8,J.C.R. Licklider,"[[1992, 1992], [1962, 1963], [1969, 1969], [1974, 1974], [1976, 1976], [1988, 1988]]"
0,0,Steve Lawrence,
0,196,Kevin Leyton-Brown,"[[2023, 2023], [1999, 2022]]"
1,66,Leonid Levin,"[[2023, 2023], [1977, 1977], [1982, 1982], [1984, 1991], [1994, 1997], [1999, 2006], [2008, 2008], [2010, 2014], [2016, 2016], [2018, 2018], [2020, 2022]]"
0,5,Rasmus Lerdorf,"[[2006, 2006], [1972, 1972], [2000, 2000], [2002, 2002]]"
8,347,Yann LeCun,"[[2023, 2023], [1988, 2022]]"
1,64,Douglas Lenat,"[[2023, 2023], [1975, 1980], [1982, 1984], [1986, 1991], [1993, 1995], [2005, 2006], [2008, 2008], [2010, 2011], [2014, 2016], [2019, 2022]]"
0,136,Charles E. Leiserson,"[[2023, 2023], [1980, 1983], [1985, 2001], [2003, 2022]]"
3,6,Joshua Lederberg,"[[1996, 1996], [1971, 1971], [1974, 1974], [1987, 1987], [1993, 1993]]"
0,0,Joseph Kruskal,
0,107,Edward D. Lazowska,"[[2021, 2021], [1974, 1974], [1978, 1994], [1997, 1997], [2002, 2003], [2005, 2006], [2008, 2008], [2010, 2011], [2013, 2014], [2016, 2016], [2020, 2020]]"
1,0,Robert Kowalski,
6,14,Chris Lattner,"[[2021, 2021], [2002, 2005], [2007, 2007], [2020, 2020]]"
0,9,Börje Langefors,"[[2003, 2003], [1962, 1963], [1974, 1974], [1977, 1978], [1980, 1980], [1986, 1986]]"
0,0,Kees Koster,
0,2,Tom Lane,"[[2009, 2009], [1983, 1983]]"
0,8,Peter Landin,"[[2009, 2009], [1965, 1966], [1998, 1998], [2000, 2000], [2002, 2002]]"
15,82,Butler Lampson,"[[2022, 2022], [1965, 1965], [1967, 1969], [1972, 1984], [1986, 1986], [1988, 1988], [1991, 1994], [1996, 2001], [2003, 2004], [2006, 2006], [2008, 2009], [2011, 2013], [2015, 2015], [2018, 2018], [2020, 2020]]"
20,173,Leslie Lamport,"[[2022, 2022], [1970, 1970], [1974, 2000], [2002, 2015], [2017, 2019], [2021, 2021]]"
0,170,Monica S. Lam,"[[2023, 2023], [1984, 2006], [2008, 2022]]"
9,0,Andrey Nikolaevich Kolmogorov,
5,249,Richard E. Ladner,"[[2023, 2023], [1973, 1980], [1982, 2022]]"
4,6,Thomas E. Kurtz,"[[1983, 1983], [1969, 1969], [1974, 1974], [1978, 1978]]"
0,58,Maarja Kruusmaa,"[[2023, 2023], [1998, 1998], [2003, 2003], [2005, 2022]]"
2,0,Dan Klein,
0,262,John Krogstie,"[[2023, 2023], [1991, 1991], [1993, 2022]]"
0,73,John Koza,"[[2010, 2010], [1989, 2008]]"
0,0,Ken Kennedy,
0,10,David Korn,"[[2004, 2004], [1990, 1991], [1993, 1993], [1995, 1996], [2000, 2000], [2002, 2002]]"
1,0,John George Kemeny,
1,70,Janet L. Kolodner,"[[2023, 2023], [1979, 1983], [1985, 1985], [1987, 1987], [1989, 1989], [1991, 1997], [1999, 1999], [2001, 2002], [2004, 2011], [2013, 2013], [2015, 2017]]"
3,93,Michael Kölling,"[[2023, 2023], [1995, 2001], [2003, 2010], [2012, 2022]]"
5,264,Daphne Koller,"[[2019, 2019], [1987, 1987], [1989, 1989], [1991, 2015], [2018, 2018]]"
3,0,Alan Kay,
0,51,Andrew Koenig,"[[2003, 2003], [1988, 1988], [1990, 1992], [1994, 1999]]"
27,185,Donald Knuth,"[[2022, 2022], [1959, 1979], [1981, 1982], [1984, 1987], [1989, 2012], [2021, 2021]]"
11,181,Leonard Kleinrock,"[[2023, 2023], [1963, 1964], [1966, 1968], [1970, 2014], [2016, 2016], [2018, 2018], [2020, 2020], [2022, 2022]]"
4,11,Stephen Cole Kleene,"[[1987, 1987], [1938, 1938], [1945, 1945], [1962, 1963], [1976, 1976], [1978, 1979], [1981, 1981]]"
0,0,Narendra Karmarkar,
9,54,Peter T. Kirstein,"[[2018, 2018], [1973, 1973], [1976, 1976], [1978, 1978], [1980, 1980], [1985, 1986], [1990, 1999], [2001, 2006], [2009, 2009], [2013, 2015]]"
0,69,Gregor Kiczales,"[[2019, 2019], [1986, 1990], [1992, 1994], [1996, 2008], [2010, 2013], [2015, 2015]]"
0,171,Carl Kesselman,"[[2023, 2023], [1987, 1988], [1990, 1994], [1996, 2012], [2014, 2022]]"
0,54,Brian Kernighan,"[[2022, 2022], [1969, 1979], [1981, 1982], [1984, 1991], [1993, 1993], [1995, 1996], [1998, 1999], [2006, 2006], [2008, 2009], [2013, 2013], [2020, 2020]]"
12,0,Richard Karp,
9,46,Manolis Kellis,"[[2023, 2023], [2004, 2004], [2007, 2008], [2010, 2021]]"
0,79,Neeraj Kayal,"[[2023, 2023], [2004, 2022]]"
9,0,Bill Joy,
1,0,Mathai Joseph,
0,0,Cliff Jones,
0,7,Ted Kaehler,"[[2013, 2013], [1975, 1975], [1986, 1986], [1989, 1989], [1997, 1997], [2009, 2009], [2011, 2011]]"
0,338,Marek Karpinski,"[[2021, 2021], [1973, 1977], [1979, 1980], [1982, 1983], [1985, 2018], [2020, 2020]]"
6,0,David S. Johnson,
0,0,Jonathan James,
25,0,Anil K. Jain,
0,280,David Karger,"[[2023, 2023], [1991, 2022]]"
0,44,Poul-Henning Kamp,"[[2023, 2023], [1998, 1998], [2002, 2004], [2010, 2016], [2021, 2022]]"
0,171,Avinash Kak,"[[2023, 2023], [1985, 2022]]"
28,29,Robert E. Kahn,"[[2018, 2018], [1965, 1965], [1969, 1972], [1974, 1975], [1977, 1977], [1985, 1985], [1992, 1992], [1994, 1994], [1997, 1997], [1999, 1999], [2001, 2001], [2003, 2003], [2005, 2006], [2009, 2010], [2012, 2012]]"
6,28,William Kahan,"[[2016, 2016], [1963, 1965], [1968, 1968], [1971, 1972], [1974, 1975], [1984, 1985], [1990, 1990], [1992, 1992], [1997, 1999], [2002, 2002], [2005, 2007], [2012, 2013]]"
1,320,Dan Jurafsky,"[[2023, 2023], [1988, 1990], [1992, 1992], [1994, 1996], [1998, 1998], [2000, 2022]]"
0,182,Aravind K. Joshi,"[[2016, 2016], [1964, 1964], [1967, 1969], [1971, 2015]]"
11,843,Michael I. Jordan,"[[2023, 2023], [1989, 2022]]"
0,34,Stephen C. Johnson,"[[2015, 2015], [1971, 1981], [1983, 1984], [1988, 1988], [1990, 1990], [1993, 1993], [2006, 2007]]"
0,0,Steve Hoberman,
1,0,Roger Hui,
1,0,John Hughes,
0,506,Ramesh Jain,"[[2023, 2023], [1971, 1971], [1977, 1979], [1981, 2022]]"
0,72,Ivar Jacobson,"[[2022, 2022], [1986, 1987], [1990, 1995], [1997, 1997], [1999, 2000], [2003, 2005], [2007, 2010], [2012, 2020]]"
7,45,Kenneth E. Iverson,"[[2007, 2007], [1962, 1965], [1967, 1967], [1973, 1973], [1975, 1976], [1978, 1984], [1986, 1991], [1994, 1995], [1997, 1997], [1999, 2000]]"
3,370,Mary Jane Irwin,"[[2016, 2016], [1977, 1983], [1985, 2015]]"
5,22,Dan Ingalls,"[[2020, 2020], [1978, 1978], [1982, 1982], [1986, 1986], [1988, 1988], [1997, 1997], [2008, 2009], [2012, 2012], [2014, 2016], [2018, 2018]]"
0,78,Roberto Ierusalimschy,"[[2022, 2022], [1992, 1999], [2002, 2003], [2005, 2021]]"
8,0,Herman Hollerith,
0,11,Jean Ichbiah,"[[1984, 1984], [1970, 1971], [1973, 1973], [1976, 1976], [1979, 1980], [1983, 1983]]"
4,0,John Henry Holland,
0,3,Sandra Hutchins,"[[1996, 1996], [1971, 1972]]"
1,51,Watts Humphrey,"[[2019, 2019], [1985, 1991], [1993, 1998], [2000, 2002], [2004, 2005], [2007, 2008]]"
1,8,David A. Huffman,"[[2018, 2018], [1956, 1957], [1959, 1959], [1962, 1962], [1974, 1974], [1976, 1976], [2015, 2015]]"
9,99,Paul Hudak,"[[2015, 2015], [1982, 1993], [1995, 2004], [2007, 2014]]"
0,12,Alston Householder,"[[1962, 1962], [1956, 1959]]"
0,423,Eric Horvitz,"[[2023, 2023], [1985, 2022]]"
22,7,Grace Hopper,"[[1997, 1997], [1952, 1952], [1962, 1962], [1969, 1969], [1978, 1978], [1987, 1987]]"
8,203,John Hopcroft,"[[2023, 2023], [1965, 1992], [1994, 1994], [2000, 2022]]"
1,148,Gerard Holzmann,"[[2021, 2021], [1982, 1985], [1987, 1989], [1992, 2008], [2010, 2020]]"
0,0,Andrew Herbert,
10,1,Betty Holberton,"[[1978, 1978]]"
0,0,He Jifeng,
0,16,Louis Hodes,"[[1992, 1992], [1966, 1966], [1969, 1972], [1975, 1976], [1978, 1979], [1981, 1981], [1989, 1989], [1991, 1991]]"
0,0,Igor Hawryszkiewycz,
8,195,C. A. R. Hoare,"[[2023, 2023], [1961, 1964], [1966, 1966], [1968, 1969], [1971, 1981], [1983, 2016], [2019, 2019], [2021, 2022]]"
0,95,Tin Kam Ho,"[[2022, 2022], [1992, 2020]]"
9,230,Julia Hirschberg,"[[2023, 2023], [1982, 1982], [1984, 1984], [1986, 2022]]"
20,295,Geoffrey Hinton,"[[2023, 2023], [1976, 1979], [1981, 1981], [1983, 1983], [1985, 2022]]"
2,1,Danny Hillis,"[[2007, 2007]]"
0,4,Kelsey Hightower,"[[2016, 2016]]"
0,63,Carl Hewitt,"[[2020, 2020], [1967, 1967], [1969, 1971], [1973, 1975], [1977, 1993], [2006, 2010], [2018, 2018]]"
0,0,Brian Harris,
18,113,John L. Hennessy,"[[2021, 2021], [1976, 1976], [1980, 2000], [2003, 2003], [2005, 2005], [2007, 2007], [2012, 2012], [2016, 2016], [2019, 2019]]"
0,0,Jiawei Han,
1,0,Margaret Hamilton,
0,308,James Hendler,"[[2023, 2023], [1980, 1983], [1986, 2022]]"
6,131,Gernot Heiser,"[[2023, 2023], [1986, 1986], [1991, 1991], [1996, 2003], [2005, 2022]]"
1,0,Wendy Hall,
14,50,Martin Hellman,"[[2022, 2022], [1970, 1970], [1972, 1972], [1974, 1983], [1987, 1988], [1992, 1992], [1994, 1994], [2002, 2002], [2016, 2017]]"
0,52,Eric Hehner,"[[2020, 2020], [1976, 1986], [1988, 1993], [1996, 1996], [1998, 1999], [2001, 2002], [2004, 2007], [2009, 2009], [2011, 2011], [2016, 2018]]"
0,0,Philipp Matthäus Hahn,
0,0,Shelia Guberman,
1,49,Les Hatton,"[[2022, 2022], [1988, 1988], [1994, 1999], [2001, 2001], [2004, 2005], [2007, 2017], [2019, 2019], [2021, 2021]]"
14,180,Johan Håstad,"[[2023, 2023], [1985, 2022]]"
1,135,Juris Hartmanis,"[[2012, 2012], [1959, 1995], [1998, 2003]]"
0,117,Frank Harary,"[[2007, 2007], [1950, 1950], [1958, 1960], [1967, 1967], [1970, 2006]]"
6,16,Richard Hamming,"[[1994, 1994], [1952, 1952], [1954, 1954], [1959, 1959], [1961, 1961], [1963, 1963], [1965, 1966], [1969, 1970], [1975, 1975], [1986, 1986], [1991, 1991]]"
6,628,Joseph Halpern,"[[2023, 2023], [1980, 2022]]"
0,1,Eldon C. Hall,"[[2000, 2000]]"
3,0,Jim Gray,
0,30,Nico Habermann,"[[1993, 1993], [1969, 1974], [1976, 1976], [1984, 1987], [1990, 1992]]"
0,1,Michael Guy,"[[1987, 1987]]"
0,46,Jürg Gutknecht,"[[2018, 2018], [1984, 1989], [1992, 1997], [2000, 2003], [2005, 2013]]"
0,58,Neil J. Gunther,"[[2020, 2020], [1988, 1990], [1993, 1997], [1999, 2009], [2011, 2012], [2015, 2016], [2018, 2018]]"
0,39,Ramanathan V. Guha,"[[2023, 2023], [1990, 1991], [1993, 1994], [1998, 1998], [2003, 2005], [2009, 2009], [2013, 2017], [2019, 2019], [2021, 2022]]"
0,0,Paul Graham,
0,25,Tom Gruber,"[[2018, 2018], [1987, 1989], [1991, 1997], [2006, 2006], [2008, 2009], [2013, 2013]]"
2,310,Bill Gropp,"[[2023, 2023], [1981, 1981], [1985, 1985], [1987, 1987], [1989, 2022]]"
0,0,Ian Goodfellow,
0,46,Ralph Griswold,"[[1995, 1995], [1964, 1964], [1974, 1985], [1987, 1990], [1992, 1994]]"
1,0,Oded Goldreich,
0,8,Robert Griesemer,"[[2022, 2022], [1992, 1992], [2000, 2000], [2005, 2005], [2007, 2008], [2020, 2020]]"
10,125,David Gries,"[[2022, 2022], [1965, 1965], [1967, 1968], [1971, 1982], [1984, 2002], [2005, 2006], [2008, 2008]]"
0,77,Sheila Greibach,"[[2005, 2005], [1963, 1983], [1986, 1986], [1988, 1989], [1992, 1992]]"
0,0,Adele Goldberg,
13,75,Susan L. Graham,"[[2013, 2013], [1970, 1971], [1973, 1980], [1982, 1984], [1988, 1988], [1990, 1995], [1997, 2001], [2004, 2007], [2011, 2012]]"
0,25,Robert M. Graham,"[[1978, 1978], [1958, 1962], [1964, 1965], [1967, 1973], [1975, 1977]]"
2,0,Ashok Goel,
3,15,James Gosling,"[[2007, 2007], [1981, 1981], [1988, 1988], [1995, 1997], [1999, 2000]]"
0,102,Gastón Gonnet,"[[2018, 2018], [1976, 1994], [1996, 1997], [1999, 2000], [2002, 2009], [2011, 2012], [2015, 2015], [2017, 2017]]"
0,109,Martin Charles Golumbic,"[[2022, 2022], [1976, 1979], [1983, 1985], [1987, 1993], [1995, 1995], [1998, 2014], [2016, 2021]]"
0,118,Gene Golub,"[[2009, 2009], [1967, 1969], [1978, 1978], [1981, 1981], [1989, 2008]]"
22,234,Shafi Goldwasser,"[[2023, 2023], [1982, 1986], [1988, 2022]]"
0,165,Judy Goldsmith,"[[2023, 2023], [1986, 1987], [1991, 1994], [1996, 2022]]"
0,146,Ian Goldberg,"[[2024, 2024], [1996, 2002], [2004, 2004], [2006, 2023]]"
1,150,Andrew V. Goldberg,"[[2022, 2022], [1984, 1999], [2001, 2017], [2021, 2021]]"
0,7,E. Mark Gold,"[[1991, 1991], [1965, 1965], [1967, 1967], [1971, 1971], [1977, 1978]]"
0,0,Lisa Gelobter,
0,137,Joseph Goguen,"[[2021, 2021], [1972, 1972], [1974, 2007], [2009, 2010]]"
10,0,Bill Gates,
6,1,Kurt Gödel,"[[1980, 1980]]"
0,297,Robert L. Glass,"[[2020, 2020], [1969, 1969], [1978, 1978], [1980, 1982], [1985, 1986], [1988, 2014], [2018, 2019]]"
0,117,Seymour Ginsburg,"[[1999, 1999], [1958, 1993], [1995, 1995], [1998, 1998]]"
17,573,Lee Giles,"[[2024, 2024], [1985, 2023]]"
0,130,Juan E. Gilbert,"[[2023, 2023], [1999, 2022]]"
0,144,Jeremy Gibbons,"[[2023, 2023], [1988, 1989], [1992, 1992], [1994, 1996], [1998, 2022]]"
4,28,Sanjay Ghemawat,"[[2023, 2023], [1991, 1992], [1995, 1997], [2000, 2000], [2003, 2004], [2006, 2006], [2008, 2010], [2012, 2013], [2016, 2016], [2018, 2018], [2022, 2022]]"
0,0,Xiaoming Fu,
2,322,Zoubin Ghahramani,"[[2023, 2023], [1993, 2022]]"
0,0,Ping Fu,
4,10,Charles Geschke,"[[2019, 2019], [1971, 1972], [1975, 1975], [1977, 1977], [1984, 1984], [1986, 1986], [1988, 1988]]"
1,66,David Gelernter,"[[2014, 2014], [1981, 1997], [2001, 2001]]"
0,95,Hugo de Garis,"[[2021, 2021], [1989, 1990], [1992, 2010]]"
0,62,Michael Garey,"[[2002, 2002], [1972, 1985], [1987, 1989], [1991, 1991], [1993, 1993], [2000, 2000]]"
1,463,Hector Garcia-Molina,"[[2019, 2019], [1978, 1979], [1981, 2017]]"
1,0,Robert France,
0,0,Martin Fowler,
0,56,Bernard Galler,"[[2004, 2004], [1956, 1958], [1960, 1962], [1964, 1971], [1973, 1974], [1978, 1978], [1981, 1981], [1985, 1987], [1989, 1990], [1994, 1994]]"
8,199,Zvi Galil,"[[2022, 2022], [1974, 2002], [2004, 2004], [2010, 2011], [2013, 2014], [2016, 2016], [2020, 2021]]"
6,81,Richard P. Gabriel,"[[2023, 2023], [1979, 1979], [1982, 1984], [1986, 1989], [1991, 1994], [2000, 2000], [2002, 2010], [2012, 2012], [2014, 2019], [2022, 2022]]"
3,9,D. R. Fulkerson,"[[2010, 2010], [1954, 1954], [1960, 1960], [1971, 1971], [1974, 1974], [1976, 1977], [2004, 2004]]"
0,88,Kunihiko Fukushima,"[[2021, 2021], [1969, 1970], [1979, 1979], [1982, 1983], [1987, 2001], [2003, 2008], [2010, 2016], [2018, 2019]]"
7,19,Charlotte Froese Fischer,"[[2019, 2019], [1961, 1961], [1988, 1989], [1991, 1991], [1993, 1994], [1996, 1996], [1999, 1999], [2006, 2007], [2009, 2009], [2011, 2011], [2013, 2013], [2016, 2016]]"
2,0,Robert Floyd,
0,79,Daniel P. Friedman,"[[2023, 2023], [1971, 1971], [1974, 1974], [1976, 1980], [1982, 1982], [1984, 1990], [1992, 1993], [1995, 1996], [1998, 1999], [2001, 2002], [2005, 2005], [2007, 2008], [2012, 2012], [2016, 2017]]"
0,0,Tommy Flowers,
1,113,Yoav Freund,"[[2023, 2023], [1990, 1993], [1995, 2022]]"
1,8,Edward Fredkin,"[[2012, 2012], [1960, 1960], [1963, 1963], [2002, 2002], [2004, 2005]]"
0,35,Herbert W. Franke,"[[1998, 1998], [1980, 1983], [1985, 1985], [1988, 1989]]"
0,3,Mahmoud Samir Fayed,"[[2017, 2017], [2016, 2016]]"
4,235,Lance Fortnow,"[[2022, 2022], [1987, 2018], [2020, 2021]]"
0,1,"L. R. Ford, Jr.","[[2004, 2004]]"
0,208,Ken Forbus,"[[2023, 2023], [1980, 2022]]"
2,0,David C. Evans,
6,109,James D. Foley,"[[2023, 2023], [1967, 1967], [1971, 1976], [1978, 2000], [2005, 2007], [2009, 2009], [2012, 2012], [2014, 2014], [2018, 2021]]"
0,20,Lawrence J. Fogel,"[[2011, 2011], [1955, 1957], [1962, 1962], [1990, 1990], [1994, 1998]]"
0,0,Christopher Riche Evans,
0,83,Sally Floyd,"[[2012, 2012], [1986, 1986], [1989, 1989], [1991, 1991], [1993, 2010]]"
0,30,Gary William Flake,"[[2012, 2012], [1990, 1990], [1993, 1993], [1995, 1996], [1999, 2006], [2010, 2010]]"
0,0,Don Estridge,
0,60,Donald Firesmith,"[[2013, 2013], [1986, 1988], [1993, 1995], [1997, 2000], [2002, 2008], [2010, 2010]]"
0,0,Andrey Ershov,
0,63,Raphael Finkel,"[[2022, 2022], [1974, 1977], [1979, 1985], [1987, 1989], [1991, 1991], [1994, 1994], [1996, 1999], [2001, 2009], [2011, 2011]]"
0,0,Philip Emeagwali,
2,357,Tim Finin,"[[2023, 2023], [1977, 1977], [1979, 1980], [1982, 1984], [1986, 1995], [1997, 2022]]"
2,112,Edward Felten,"[[2023, 2023], [1985, 1985], [1988, 1988], [1990, 1992], [1994, 2012], [2014, 2016], [2018, 2019], [2022, 2022]]"
5,44,Edward Feigenbaum,"[[2017, 2017], [1961, 1963], [1965, 1965], [1968, 1968], [1971, 1971], [1974, 1974], [1977, 1984], [1987, 1987], [1990, 1991], [1993, 1994], [1996, 1996], [1998, 1998], [2001, 2001], [2003, 2003], [2005, 2006], [2012, 2012]]"
2,34,Scott Fahlman,"[[2023, 2023], [1974, 1974], [1980, 1981], [1983, 1985], [1987, 1990], [1992, 1994], [2002, 2002], [2006, 2008], [2010, 2015], [2017, 2017]]"
0,103,Shimon Even,"[[2012, 2012], [1962, 1967], [1969, 1978], [1980, 1985], [1989, 1992], [1994, 2003], [2005, 2005], [2007, 2007]]"
0,0,Wim Ebbinkhuijsen,
0,0,Annie Easley,
0,0,Jon Michael Dunn,
1,187,Oren Etzioni,"[[2023, 2023], [1988, 2001], [2003, 2022]]"
9,0,Charles Stark Draper,
0,677,David Eppstein,"[[2023, 2023], [1985, 1985], [1988, 2022]]"
1,61,Barbara Engelhardt,"[[2023, 2023], [2000, 2003], [2005, 2006], [2013, 2013], [2015, 2022]]"
14,18,Douglas Engelbart,"[[2006, 2006], [1961, 1961], [1968, 1968], [1973, 1973], [1984, 1984], [1988, 1988], [1990, 1990], [1992, 1992], [1995, 1995], [1998, 1999], [2001, 2002], [2004, 2004]]"
2,119,E. Allen Emerson,"[[2022, 2022], [1980, 2014]]"
0,7,Brendan Eich,"[[2020, 2020], [2005, 2005], [2009, 2009], [2011, 2011]]"
12,91,Alan Edelman,"[[2023, 2023], [1990, 1991], [1993, 1995], [1997, 2000], [2004, 2009], [2011, 2022]]"
0,0,Matthew Dillon,
8,9,John Presper Eckert,"[[1999, 1999], [1951, 1951], [1956, 1956], [1959, 1959], [1965, 1965], [1980, 1981], [1997, 1998]]"
0,220,Peter Eades,"[[2023, 2023], [1981, 1981], [1983, 1984], [1989, 1990], [1992, 2022]]"
0,0,Vinod Dham,
0,925,Schahram Dustdar,"[[2024, 2024], [1995, 1995], [1997, 2000], [2002, 2023]]"
0,55,Adam Dunkels,"[[2012, 2012], [2003, 2011]]"
0,0,Robert Dewar,
0,208,Susan Dumais,"[[2021, 2021], [1982, 1983], [1985, 1990], [1992, 1995], [1997, 2020]]"
0,158,Paul Dourish,"[[2023, 2023], [1992, 2021]]"
0,313,Marco Dorigo,"[[2024, 2024], [1990, 2023]]"
1,0,Tom DeMarco,
32,984,Jack Dongarra,"[[2023, 2023], [1976, 1977], [1979, 1979], [1982, 2022]]"
0,257,Alan Dix,"[[2023, 2023], [1987, 2022]]"
0,0,Jeff Dean,
0,0,Terry A. Davis,
13,97,Edsger W. Dijkstra,"[[2022, 2022], [1959, 1959], [1961, 1962], [1964, 1965], [1967, 1968], [1971, 1972], [1974, 1983], [1985, 1990], [1992, 1992], [1995, 1996], [2000, 2002], [2005, 2005]]"
13,43,Whitfield Diffie,"[[2022, 2022], [1976, 1977], [1981, 1983], [1985, 1985], [1988, 1989], [1992, 1992], [1994, 1994], [1996, 1998], [2000, 2001], [2006, 2009], [2011, 2011], [2015, 2016], [2021, 2021]]"
0,119,Jan Dietz,"[[2023, 2023], [1987, 1987], [1989, 1992], [1994, 1994], [1997, 2022]]"
0,0,Samir Das,
0,11,Alexander Dewdney,"[[1995, 1995], [1973, 1973], [1978, 1979], [1981, 1982], [1986, 1986], [1991, 1992]]"
0,17,Michael Dertouzos,"[[2001, 2001], [1964, 1964], [1966, 1967], [1969, 1969], [1971, 1971], [1973, 1974], [1981, 1981], [1985, 1985], [1989, 1990], [1999, 1999]]"
2,296,Peter J. Denning,"[[2023, 2023], [1967, 1986], [1988, 1989], [1991, 2022]]"
2,68,Dorothy E. Denning,"[[2020, 2020], [1976, 1988], [1990, 1996], [2000, 2000], [2003, 2004], [2008, 2012], [2014, 2015]]"
0,64,Richard DeMillo,"[[2023, 2023], [1974, 1984], [1986, 1989], [1991, 1991], [1993, 1997], [1999, 2001], [2009, 2009], [2012, 2012]]"
3,740,Erik Demaine,"[[2023, 2023], [1996, 1996], [1998, 2022]]"
0,0,Seymour Cray,
0,55,Christopher J. Date,"[[2012, 2012], [1971, 1971], [1974, 1977], [1979, 1984], [1986, 1986], [1988, 1990], [1992, 1993], [1995, 1998], [2000, 2000], [2002, 2003], [2005, 2006], [2008, 2009]]"
0,14,Neil Daswani,"[[2014, 2014], [1998, 1999], [2002, 2007]]"
0,0,Kit Cosper,
0,99,Andries van Dam,"[[2023, 2023], [1964, 1964], [1966, 1968], [1970, 1978], [1980, 1985], [1988, 1992], [1994, 2003], [2005, 2005], [2007, 2008], [2012, 2012], [2014, 2014], [2017, 2020]]"
0,4,Ryan Dahl,"[[2017, 2017]]"
2,20,Ole-Johan Dahl,"[[2004, 2004], [1966, 1966], [1972, 1972], [1974, 1974], [1978, 1979], [1985, 1987], [1990, 1992], [1996, 1996], [1998, 1998], [2002, 2002]]"
0,28,Luigi Dadda,"[[2012, 2012], [1978, 1978], [1980, 1980], [1983, 1983], [1985, 1985], [1988, 1990], [1993, 1998], [2004, 2005], [2007, 2008]]"
0,0,James Cooley,
0,12,Haskell Curry,"[[1973, 1973], [1937, 1937], [1941, 1942], [1952, 1952], [1962, 1963]]"
3,7,Glen Culler,"[[1991, 1991], [1962, 1962], [1967, 1967], [1969, 1969], [1982, 1982], [1987, 1988]]"
9,0,Stephen Cook,
0,455,W. Bruce Croft,"[[2023, 2023], [1975, 2022]]"
2,556,Jon Crowcroft,"[[2024, 2024], [1988, 2023]]"
2,146,Nello Cristianini,"[[2023, 2023], [1997, 2022]]"
0,0,Paul Justin Compton,
0,0,Douglas Comer,
0,179,Ingemar Cox,"[[2023, 2023], [1983, 1983], [1987, 2002], [2004, 2022]]"
0,0,Ian Coldwater,
0,0,Jacques Cohen,
11,123,Patrick Cousot,"[[2023, 2023], [1977, 1980], [1987, 1987], [1989, 1997], [1999, 2019], [2021, 2022]]"
4,17,Fernando J. Corbató,"[[2012, 2012], [1958, 1959], [1961, 1963], [1965, 1965], [1968, 1968], [1972, 1972], [1991, 1992], [2003, 2003]]"
0,1,Danese Cooper,"[[2005, 2005]]"
0,0,Tracy Chou,
4,0,Peter Chen,
0,133,Gordon Cormack,"[[2023, 2023], [1983, 1985], [1987, 1992], [1994, 2012], [2014, 2022]]"
4,18,Richard W. Conway,"[[1988, 1988], [1959, 1959], [1963, 1963], [1965, 1965], [1967, 1967], [1972, 1974], [1976, 1977], [1982, 1982], [1984, 1987]]"
0,28,Alain Colmerauer,"[[2008, 2008], [1967, 1967], [1969, 1970], [1978, 1979], [1981, 1981], [1983, 1986], [1989, 1991], [1993, 1993], [1997, 1997], [2000, 2004]]"
0,152,Simon Colton,"[[2023, 2023], [1998, 2022]]"
3,55,Edgar F. Codd,"[[2009, 2009], [1952, 1952], [1959, 1960], [1962, 1962], [1969, 1975], [1977, 1983], [1986, 1990], [2002, 2002]]"
11,24,John Cocke,"[[2000, 2000], [1959, 1959], [1964, 1964], [1970, 1972], [1974, 1974], [1976, 1977], [1980, 1982], [1987, 1991]]"
1,322,Edmund M. Clarke,"[[2018, 2018], [1976, 2017]]"
0,10,Alberto Ciaramella,"[[2021, 2021], [1987, 1987], [1989, 1989], [1991, 1993], [1995, 1995]]"
0,6,Alonzo Church,"[[1976, 1976], [1936, 1936], [1940, 1940], [1952, 1952], [1961, 1961]]"
0,27,Leonardo Chiariglione,"[[2023, 2023], [1984, 1984], [1986, 1987], [1989, 1989], [1995, 1995], [1997, 1999], [2001, 2002], [2009, 2009], [2012, 2012], [2015, 2015], [2020, 2020], [2022, 2022]]"
0,0,Rod Canion,
2,34,Zhou Chaochen,"[[2013, 2013], [1982, 1982], [1987, 1987], [1990, 1995], [1997, 2000], [2002, 2002], [2004, 2007], [2010, 2010]]"
0,13,Robert Cailliau,"[[2023, 2023], [1977, 1977], [1982, 1982], [1984, 1984], [1992, 1992], [1994, 1995], [1998, 2000], [2002, 2002], [2010, 2010]]"
0,45,Gregory Chaitin,"[[2021, 2021], [1965, 1966], [1969, 1970], [1973, 1977], [1981, 1982], [1987, 1987], [1990, 1990], [1992, 1993], [1995, 1996], [2000, 2003], [2005, 2009], [2012, 2012]]"
35,274,Vint Cerf,"[[2023, 2023], [1969, 1976], [1980, 1983], [1985, 1999], [2001, 2005], [2007, 2022]]"
0,0,Michael Butler,
10,12,Edwin Catmull,"[[2021, 2021], [1972, 1972], [1977, 1980], [1982, 1982], [1984, 1984], [1987, 1987], [1992, 1992], [1997, 1997]]"
1,0,Rod Brooks,
13,62,Michael Caspersen,"[[2023, 2023], [1999, 2000], [2002, 2014], [2016, 2019], [2022, 2022]]"
0,1,John Carmack,"[[2022, 2022]]"
3,234,Luca Cardelli,"[[2023, 2023], [1980, 1980], [1982, 1982], [1984, 2022]]"
0,0,David J. Brown,
0,11,Bryan Cantrill,"[[2009, 2009], [1997, 1997], [1999, 1999], [2003, 2006], [2008, 2008]]"
0,0,Jack E. Bresenham,
0,4,Rosemary Candlin,"[[1995, 1995], [1991, 1993]]"
0,44,Martin Campbell-Kelly,"[[2022, 2022], [1980, 1982], [1985, 1985], [1987, 1988], [1992, 1992], [1994, 1996], [1998, 2003], [2005, 2005], [2007, 2013], [2017, 2017], [2019, 2019]]"
1,117,Tracy Camp,"[[2023, 2023], [1992, 1993], [1995, 2022]]"
0,214,Pino Caballero Gil,"[[2023, 2023], [1994, 1995], [1998, 1998], [2001, 2001], [2003, 2022]]"
0,262,Margaret Burnett,"[[2023, 2023], [1989, 2022]]"
2,0,Jonathan Bowen,
12,90,Fred Brooks,"[[2021, 2021], [1957, 1957], [1959, 1960], [1964, 1964], [1968, 1971], [1975, 1975], [1977, 1978], [1983, 1983], [1985, 1990], [1993, 2000], [2002, 2003], [2005, 2008], [2010, 2013], [2017, 2018]]"
0,296,Sjaak Brinkkemper,"[[2023, 2023], [1987, 1988], [1990, 1990], [1993, 1999], [2001, 2002], [2004, 2022]]"
4,55,Per Brinch Hansen,"[[1999, 1999], [1970, 1981], [1983, 1983], [1985, 1985], [1987, 1987], [1989, 1989], [1992, 1996], [1998, 1998]]"
0,0,Andrew Booth,
0,15,Sergey Brin,"[[2012, 2012], [1995, 1995], [1997, 2000], [2003, 2003], [2005, 2005]]"
1,10,Lawrence M. Breed,"[[2004, 2004], [1961, 1961], [1967, 1967], [1970, 1973], [1978, 1978], [1991, 1991]]"
0,0,George Boole,
3,133,Gilles Brassard,"[[2023, 2023], [1979, 1998], [2000, 2000], [2002, 2008], [2011, 2020], [2022, 2022]]"
1,25,Karlheinz Brandenburg,"[[2022, 2022], [1987, 1989], [1993, 1993], [1998, 1998], [2000, 2000], [2002, 2002], [2004, 2004], [2006, 2009], [2013, 2013], [2015, 2016], [2018, 2018]]"
0,36,Robert S. Boyer,"[[2006, 2006], [1971, 1973], [1975, 1977], [1979, 1980], [1983, 1986], [1988, 1992], [1994, 1994], [1996, 1996], [1998, 1998], [2002, 2002], [2005, 2005]]"
0,125,Harry Bouwman,"[[2023, 2023], [1995, 1995], [1999, 1999], [2001, 2021]]"
3,9,Stephen R. Bourne,"[[2013, 2013], [1968, 1968], [1970, 1971], [1980, 1980], [2003, 2004]]"
1,0,Manuel Blum,
0,0,Dorothy Blum,
0,4,Mikhail Botvinnik,"[[1993, 1993], [1983, 1984]]"
0,14,Bert Bos,"[[2019, 2019], [1996, 1998], [2006, 2008], [2012, 2015], [2018, 2018]]"
0,16,Anita Borg,"[[2003, 2003], [1981, 1981], [1983, 1983], [1986, 1986], [1989, 1996], [2001, 2002]]"
0,1,Kathleen Booth,"[[1963, 1963]]"
0,0,Sue Black,
6,0,John Backus,
6,129,Grady Booch,"[[2021, 2021], [1981, 1982], [1986, 1987], [1989, 2003], [2005, 2016], [2018, 2018], [2020, 2020]]"
0,6,Jeff Bonwick,"[[2008, 2008], [1994, 1994], [2001, 2001], [2007, 2007]]"
1,0,Charles Babbage,
0,24,Kurt Bollacker,"[[2023, 2023], [1996, 2001], [2007, 2008], [2018, 2018], [2020, 2021]]"
0,0,Shakuntala Atre,
0,30,Corrado Böhm,"[[2001, 2001], [1966, 1966], [1972, 1975], [1977, 1982], [1985, 1989], [1991, 1992], [1994, 1994], [1997, 1997], [1999, 1999]]"
0,382,Barry Boehm,"[[2024, 2024], [1967, 1967], [1969, 1969], [1971, 1972], [1974, 1976], [1979, 1989], [1991, 1992], [1994, 2023]]"
6,23,Lenore Blum,"[[2023, 2023], [1973, 1973], [1975, 1975], [1982, 1982], [1984, 1984], [1986, 1986], [1988, 1988], [1998, 1998], [2002, 2002], [2005, 2008], [2012, 2012], [2014, 2014], [2020, 2022]]"
0,0,"Winifred ""Tim"" Alice Asprey",
0,0,Sanjeev Arora,
0,0,Angie Jones,
2,277,David Blei,"[[2023, 2023], [2001, 2022]]"
0,12,Gerrit Blaauw,"[[2000, 2000], [1958, 1959], [1964, 1964], [1972, 1972], [1983, 1983], [1985, 1985], [1997, 1997]]"
4,98,Dines Bjørner,"[[2024, 2024], [1970, 1970], [1973, 1973], [1977, 1984], [1986, 2012], [2014, 2014], [2017, 2019], [2021, 2023]]"
1,85,David F. Bacon,"[[2020, 2020], [1988, 1992], [1994, 1994], [1996, 1996], [1998, 1998], [2000, 2015], [2017, 2017]]"
0,71,Roland Carl Backhouse,"[[2023, 2023], [1976, 1977], [1979, 1979], [1981, 1984], [1986, 1987], [1989, 2004], [2006, 2016], [2019, 2019], [2022, 2022]]"
6,27,Charles Bachman,"[[2012, 2012], [1964, 1964], [1966, 1966], [1969, 1969], [1972, 1975], [1977, 1983], [1989, 1989], [1996, 1996], [2009, 2009]]"
1,2,John Vincent Atanasoff,"[[1984, 1984], [1981, 1981]]"
0,36,Bruce Arden,"[[1995, 1995], [1959, 1962], [1964, 1964], [1966, 1966], [1969, 1969], [1971, 1971], [1975, 1976], [1979, 1979], [1981, 1983], [1985, 1986], [1989, 1993]]"
1,81,Cecilia R. Aragon,"[[2023, 2023], [1989, 1989], [1991, 1991], [1996, 1996], [1998, 1998], [2005, 2022]]"
0,134,Andrew Appel,"[[2024, 2024], [1985, 1985], [1987, 2023]]"
0,77,Lisa Anthony,"[[2023, 2023], [2001, 2001], [2004, 2008], [2010, 2010], [2012, 2022]]"
1,79,David P. Anderson,"[[2021, 2021], [1982, 1982], [1984, 1993], [1997, 1997], [2001, 2002], [2004, 2013], [2016, 2017], [2019, 2020]]"
3,11,Gene Amdahl,"[[2013, 2013], [1962, 1962], [1964, 1964], [1967, 1967], [1974, 1974], [1983, 1984], [2000, 2000]]"
13,21,Frances E. Allen,"[[2014, 2014], [1970, 1971], [1974, 1974], [1976, 1976], [1979, 1982], [1987, 1988], [1990, 1990], [1999, 2001], [2008, 2008], [2012, 2012]]"
14,112,Alfred Aho,"[[2022, 2022], [1967, 1992], [1995, 1998], [2000, 2000], [2002, 2003], [2006, 2008], [2011, 2012], [2014, 2015], [2017, 2017], [2021, 2021]]"
7,39,Luis von Ahn,"[[2015, 2015], [2002, 2013]]"
8,105,Manindra Agrawal,"[[2021, 2021], [1991, 2020]]"
1,54,Leonard Adleman,"[[2012, 2012], [1974, 1983], [1985, 1988], [1990, 1991], [1993, 2002], [2009, 2009]]"
8,214,Samson Abramsky,"[[2023, 2023], [1983, 1983], [1985, 2022]]"
7,312,Serge Abiteboul,"[[2022, 2022], [1981, 1981], [1983, 2019], [2021, 2021]]"
4,51,Hal Abelson,"[[2023, 2023], [1976, 1980], [1982, 1982], [1985, 1986], [1989, 1990], [1993, 1993], [1996, 1998], [2000, 2000], [2006, 2006], [2008, 2012], [2014, 2016], [2018, 2019], [2021, 2022]]"
5,40,Rediet Abebe,"[[2023, 2023], [2016, 2022]]"
10,228,Scott Aaronson,"[[2023, 2023], [1997, 1997], [2001, 2022]]"
0,1113,Wil van der Aalst,"[[2024, 2024], [1990, 1990], [1992, 2023]]"
